Filename,Width,Height,Roi.X1,Roi.Y1,Roi.X2,Roi.Y2,ClassId
frame0000.jpg,640,480,466,146,519,195,111
frame0001.jpg,640,480,466,146,519,195,111
frame0002.jpg,640,480,466,146,519,195,111
frame0003.jpg,640,480,466,146,519,195,111
frame0004.jpg,640,480,466,146,519,195,111
frame0005.jpg,640,480,466,146,519,195,111
frame0006.jpg,640,480,466,146,519,195,111
frame0007.jpg,640,480,466,146,519,195,111
frame0008.jpg,640,480,466,146,520,195,111
frame0009.jpg,640,480,466,146,520,195,111
frame0010.jpg,640,480,466,146,520,195,111
frame0011.jpg,640,480,466,146,520,195,111
frame0012.jpg,640,480,466,146,520,195,111
frame0013.jpg,640,480,466,146,520,195,111
frame0014.jpg,640,480,466,146,520,195,111
frame0015.jpg,640,480,466,146,520,195,111
frame0016.jpg,640,480,466,146,520,195,111
frame0017.jpg,640,480,466,146,520,195,111
frame0018.jpg,640,480,466,146,520,195,111
frame0019.jpg,640,480,466,145,518,195,111
frame0020.jpg,640,480,466,145,520,195,111
frame0021.jpg,640,480,466,145,520,195,111
frame0022.jpg,640,480,466,145,521,195,111
frame0023.jpg,640,480,466,145,521,195,111
frame0024.jpg,640,480,466,145,519,195,111
frame0025.jpg,640,480,466,145,518,195,111
frame0026.jpg,640,480,466,145,518,195,111
frame0027.jpg,640,480,466,145,518,195,111
frame0028.jpg,640,480,466,145,521,195,111
frame0029.jpg,640,480,466,145,521,195,111
frame0030.jpg,640,480,466,145,521,195,111
frame0031.jpg,640,480,466,145,521,195,111
frame0032.jpg,640,480,466,145,521,195,111
frame0033.jpg,640,480,466,145,521,195,111
frame0034.jpg,640,480,466,145,521,195,111
frame0035.jpg,640,480,466,145,521,195,111
frame0036.jpg,640,480,466,145,521,195,111
frame0037.jpg,640,480,467,145,522,195,111
frame0038.jpg,640,480,467,145,522,195,111
frame0039.jpg,640,480,467,145,522,195,111
frame0040.jpg,640,480,467,145,522,195,111
frame0041.jpg,640,480,467,145,522,195,111
frame0042.jpg,640,480,467,145,522,195,111
frame0043.jpg,640,480,467,145,522,195,111
frame0044.jpg,640,480,467,145,522,195,111
frame0045.jpg,640,480,467,145,522,195,111
frame0046.jpg,640,480,467,145,522,195,111
frame0047.jpg,640,480,467,145,522,195,111
frame0048.jpg,640,480,467,145,522,195,111
frame0049.jpg,640,480,467,145,522,195,111
frame0050.jpg,640,480,467,145,522,195,111
frame0051.jpg,640,480,467,145,522,195,111
frame0052.jpg,640,480,467,145,523,195,111
frame0053.jpg,640,480,467,145,523,195,111
frame0054.jpg,640,480,467,145,523,195,111
frame0055.jpg,640,480,467,144,523,195,111
frame0056.jpg,640,480,467,144,523,195,111
frame0057.jpg,640,480,467,144,523,195,111
frame0058.jpg,640,480,467,144,523,195,111
frame0059.jpg,640,480,467,144,523,195,111
frame0060.jpg,640,480,467,144,519,195,111
frame0061.jpg,640,480,467,144,523,195,111
frame0062.jpg,640,480,467,144,523,195,111
frame0063.jpg,640,480,467,144,523,195,111
frame0064.jpg,640,480,467,144,523,195,111
frame0065.jpg,640,480,467,144,523,195,111
frame0066.jpg,640,480,467,144,524,195,111
frame0067.jpg,640,480,467,144,524,195,111
frame0068.jpg,640,480,467,144,524,195,111
frame0069.jpg,640,480,467,144,524,195,111
frame0070.jpg,640,480,467,144,524,195,111
frame0071.jpg,640,480,467,144,524,195,111
frame0072.jpg,640,480,467,144,524,195,111
frame0073.jpg,640,480,467,144,524,195,111
frame0074.jpg,640,480,0,0,0,0,43
frame0075.jpg,640,480,464,146,524,193,111
frame0075.jpg,640,480,464,147,526,195,111
frame0076.jpg,640,480,469,145,525,195,111
frame0077.jpg,640,480,475,143,530,194,111
frame0078.jpg,640,480,480,141,536,194,111
frame0079.jpg,640,480,485,139,543,193,111
frame0080.jpg,640,480,490,137,550,193,111
frame0081.jpg,640,480,496,135,558,192,111
frame0082.jpg,640,480,501,133,567,192,111
frame0083.jpg,640,480,506,131,576,191,111
frame0084.jpg,640,480,511,129,583,191,111
frame0085.jpg,640,480,517,128,592,190,111
frame0085.jpg,640,480,517,127,593,190,111
frame0086.jpg,640,480,527,125,603,190,111
frame0087.jpg,640,480,524,121,614,190,111
frame0088.jpg,640,480,538,116,616,190,111
frame0089.jpg,640,480,529,119,617,187,111
frame0090.jpg,640,480,527,120,614,187,111
frame0091.jpg,640,480,526,120,612,186,111
frame0092.jpg,640,480,520,118,607,187,111
frame0093.jpg,640,480,514,115,603,188,111
frame0094.jpg,640,480,508,113,598,189,111
frame0095.jpg,640,480,499,113,592,189,111
frame0096.jpg,640,480,489,113,585,190,111
frame0097.jpg,640,480,480,113,579,190,111
frame0098.jpg,640,480,476,108,576,188,111
frame0099.jpg,640,480,471,104,574,185,111
frame0100.jpg,640,480,467,99,571,183,111
frame0101.jpg,640,480,472,88,585,183,111
frame0102.jpg,640,480,478,78,600,184,111
frame0103.jpg,640,480,484,68,614,185,111
frame0104.jpg,640,480,497,60,641,182,111
frame0105.jpg,640,480,509,52,667,179,111
frame0106.jpg,640,480,528,38,673,169,111
frame0107.jpg,640,480,0,0,0,0,43
frame0108.jpg,640,480,0,0,0,0,43
frame0109.jpg,640,480,0,0,0,0,43
frame0110.jpg,640,480,0,0,0,0,43
frame0111.jpg,640,480,0,0,0,0,43
frame0112.jpg,640,480,0,0,0,0,43
frame0113.jpg,640,480,0,0,0,0,43
frame0114.jpg,640,480,0,0,0,0,43
frame0115.jpg,640,480,0,0,0,0,43
frame0116.jpg,640,480,0,0,0,0,43
frame0117.jpg,640,480,0,0,0,0,43
frame0118.jpg,640,480,0,0,0,0,43
frame0119.jpg,640,480,0,0,0,0,43
frame0120.jpg,640,480,0,0,0,0,43
frame0121.jpg,640,480,0,0,0,0,43
frame0122.jpg,640,480,0,0,0,0,43
frame0123.jpg,640,480,0,0,0,0,43
frame0124.jpg,640,480,0,0,0,0,43
frame0125.jpg,640,480,0,0,0,0,43
frame0126.jpg,640,480,0,0,0,0,43
frame0127.jpg,640,480,0,0,0,0,43
frame0128.jpg,640,480,0,0,0,0,43
frame0129.jpg,640,480,0,0,0,0,43
frame0130.jpg,640,480,0,0,0,0,43
frame0131.jpg,640,480,0,0,0,0,43
frame0132.jpg,640,480,0,0,0,0,43
frame0133.jpg,640,480,0,0,0,0,43
frame0134.jpg,640,480,0,0,0,0,43
frame0135.jpg,640,480,0,0,0,0,43
frame0136.jpg,640,480,0,0,0,0,43
frame0137.jpg,640,480,0,0,0,0,43
frame0138.jpg,640,480,0,0,0,0,43
frame0139.jpg,640,480,0,0,0,0,43
frame0140.jpg,640,480,0,0,0,0,43
frame0141.jpg,640,480,0,0,0,0,43
frame0142.jpg,640,480,0,0,0,0,43
frame0143.jpg,640,480,0,0,0,0,43
frame0144.jpg,640,480,0,0,0,0,43
frame0145.jpg,640,480,0,0,0,0,43
frame0146.jpg,640,480,0,0,0,0,43
frame0147.jpg,640,480,0,0,0,0,43
frame0148.jpg,640,480,0,0,0,0,43
frame0149.jpg,640,480,0,0,0,0,43
frame0150.jpg,640,480,0,0,0,0,43
frame0151.jpg,640,480,0,0,0,0,43
frame0152.jpg,640,480,0,0,0,0,43
frame0153.jpg,640,480,0,0,0,0,43
frame0154.jpg,640,480,0,0,0,0,43
frame0155.jpg,640,480,0,0,0,0,43
frame0156.jpg,640,480,0,0,0,0,43
frame0157.jpg,640,480,0,0,0,0,43
frame0158.jpg,640,480,0,0,0,0,43
frame0159.jpg,640,480,0,0,0,0,43
frame0160.jpg,640,480,0,0,0,0,43
frame0161.jpg,640,480,0,0,0,0,43
frame0162.jpg,640,480,0,0,0,0,43
frame0163.jpg,640,480,0,0,0,0,43
frame0164.jpg,640,480,0,0,0,0,43
frame0165.jpg,640,480,0,0,0,0,43
frame0166.jpg,640,480,0,0,0,0,43
frame0167.jpg,640,480,0,0,0,0,43
frame0168.jpg,640,480,0,0,0,0,43
frame0169.jpg,640,480,0,0,0,0,43
frame0170.jpg,640,480,0,0,0,0,43
frame0171.jpg,640,480,0,0,0,0,43
frame0172.jpg,640,480,0,0,0,0,43
frame0173.jpg,640,480,0,0,0,0,43
frame0174.jpg,640,480,0,0,0,0,43
frame0175.jpg,640,480,0,0,0,0,43
frame0176.jpg,640,480,0,0,0,0,43
frame0177.jpg,640,480,0,0,0,0,43
frame0178.jpg,640,480,0,0,0,0,43
frame0179.jpg,640,480,0,0,0,0,43
frame0180.jpg,640,480,0,0,0,0,43
frame0181.jpg,640,480,0,0,0,0,43
frame0182.jpg,640,480,0,0,0,0,43
frame0183.jpg,640,480,0,0,0,0,43
frame0184.jpg,640,480,0,0,0,0,43
frame0185.jpg,640,480,0,0,0,0,43
frame0186.jpg,640,480,0,0,0,0,43
frame0187.jpg,640,480,0,0,0,0,43
frame0188.jpg,640,480,0,0,0,0,43
frame0189.jpg,640,480,0,0,0,0,43
frame0190.jpg,640,480,0,0,0,0,43
frame0191.jpg,640,480,0,0,0,0,43
frame0192.jpg,640,480,0,0,0,0,43
frame0193.jpg,640,480,0,0,0,0,43
frame0194.jpg,640,480,0,0,0,0,43
frame0195.jpg,640,480,0,0,0,0,43
frame0196.jpg,640,480,0,0,0,0,43
frame0197.jpg,640,480,0,0,0,0,43
frame0198.jpg,640,480,0,0,0,0,43
frame0199.jpg,640,480,0,0,0,0,43
frame0200.jpg,640,480,0,0,0,0,43
frame0201.jpg,640,480,0,0,0,0,43
frame0202.jpg,640,480,0,0,0,0,43
frame0203.jpg,640,480,0,0,0,0,43
frame0204.jpg,640,480,0,0,0,0,43
frame0205.jpg,640,480,0,0,0,0,43
frame0206.jpg,640,480,0,0,0,0,43
frame0207.jpg,640,480,0,0,0,0,43
frame0208.jpg,640,480,0,0,0,0,43
frame0209.jpg,640,480,0,0,0,0,43
frame0210.jpg,640,480,0,0,0,0,43
frame0211.jpg,640,480,0,0,0,0,43
frame0212.jpg,640,480,0,0,0,0,43
frame0213.jpg,640,480,0,0,0,0,43
frame0214.jpg,640,480,0,0,0,0,43
frame0215.jpg,640,480,0,0,0,0,43
frame0216.jpg,640,480,0,0,0,0,43
frame0217.jpg,640,480,0,0,0,0,43
frame0218.jpg,640,480,0,0,0,0,43
frame0219.jpg,640,480,0,0,0,0,43
frame0220.jpg,640,480,0,0,0,0,43
frame0221.jpg,640,480,0,0,0,0,43
frame0222.jpg,640,480,0,0,0,0,43
frame0223.jpg,640,480,0,0,0,0,43
frame0224.jpg,640,480,0,0,0,0,43
frame0225.jpg,640,480,0,0,0,0,43
frame0226.jpg,640,480,0,0,0,0,43
frame0227.jpg,640,480,0,0,0,0,43
frame0228.jpg,640,480,0,0,0,0,43
frame0229.jpg,640,480,0,0,0,0,43
frame0230.jpg,640,480,0,0,0,0,43
frame0231.jpg,640,480,0,0,0,0,43
frame0232.jpg,640,480,0,0,0,0,43
frame0233.jpg,640,480,0,0,0,0,43
frame0234.jpg,640,480,0,0,0,0,43
frame0235.jpg,640,480,0,0,0,0,43
frame0236.jpg,640,480,0,0,0,0,43
frame0237.jpg,640,480,0,0,0,0,43
frame0238.jpg,640,480,0,0,0,0,43
frame0239.jpg,640,480,0,0,0,0,43
frame0240.jpg,640,480,0,0,0,0,43
frame0241.jpg,640,480,0,0,0,0,43
frame0242.jpg,640,480,0,0,0,0,43
frame0243.jpg,640,480,0,0,0,0,43
frame0244.jpg,640,480,0,0,0,0,43
frame0245.jpg,640,480,0,0,0,0,43
frame0246.jpg,640,480,0,0,0,0,43
frame0247.jpg,640,480,0,0,0,0,43
frame0248.jpg,640,480,0,0,0,0,43
frame0249.jpg,640,480,0,0,0,0,43
frame0250.jpg,640,480,0,0,0,0,43
frame0251.jpg,640,480,0,0,0,0,43
frame0252.jpg,640,480,0,0,0,0,43
frame0253.jpg,640,480,0,0,0,0,43
frame0254.jpg,640,480,0,0,0,0,43
frame0255.jpg,640,480,0,0,0,0,43
frame0256.jpg,640,480,0,0,0,0,43
frame0257.jpg,640,480,0,0,0,0,43
frame0258.jpg,640,480,0,0,0,0,43
frame0259.jpg,640,480,0,0,0,0,43
frame0260.jpg,640,480,0,0,0,0,43
frame0261.jpg,640,480,0,0,0,0,43
frame0262.jpg,640,480,0,0,0,0,43
frame0263.jpg,640,480,0,0,0,0,43
frame0264.jpg,640,480,0,0,0,0,43
frame0265.jpg,640,480,0,0,0,0,43
frame0266.jpg,640,480,0,0,0,0,43
frame0267.jpg,640,480,0,0,0,0,43
frame0268.jpg,640,480,0,0,0,0,43
frame0269.jpg,640,480,0,0,0,0,43
frame0270.jpg,640,480,0,0,0,0,43
frame0271.jpg,640,480,0,0,0,0,43
frame0272.jpg,640,480,0,0,0,0,43
frame0273.jpg,640,480,0,0,0,0,43
frame0274.jpg,640,480,0,0,0,0,43
frame0275.jpg,640,480,0,0,0,0,43
frame0276.jpg,640,480,0,0,0,0,43
frame0277.jpg,640,480,0,0,0,0,43
frame0278.jpg,640,480,0,0,0,0,43
frame0279.jpg,640,480,0,0,0,0,43
frame0280.jpg,640,480,0,0,0,0,43
frame0281.jpg,640,480,0,0,0,0,43
frame0282.jpg,640,480,0,0,0,0,43
frame0283.jpg,640,480,0,0,0,0,43
frame0284.jpg,640,480,0,0,0,0,43
frame0285.jpg,640,480,0,0,0,0,43
frame0286.jpg,640,480,0,0,0,0,43
frame0287.jpg,640,480,0,0,0,0,43
frame0288.jpg,640,480,0,0,0,0,43
frame0289.jpg,640,480,0,0,0,0,43
frame0290.jpg,640,480,0,0,0,0,43
frame0291.jpg,640,480,0,0,0,0,43
frame0292.jpg,640,480,0,0,0,0,43
frame0293.jpg,640,480,0,0,0,0,43
frame0294.jpg,640,480,0,0,0,0,43
frame0295.jpg,640,480,0,0,0,0,43
frame0296.jpg,640,480,0,0,0,0,43
frame0297.jpg,640,480,0,0,0,0,43
frame0298.jpg,640,480,0,0,0,0,43
frame0299.jpg,640,480,0,0,0,0,43
frame0300.jpg,640,480,0,0,0,0,43
frame0301.jpg,640,480,0,0,0,0,43
frame0302.jpg,640,480,0,0,0,0,43
frame0303.jpg,640,480,0,0,0,0,43
frame0304.jpg,640,480,0,0,0,0,43
frame0305.jpg,640,480,0,0,0,0,43
frame0306.jpg,640,480,0,0,0,0,43
frame0307.jpg,640,480,0,0,0,0,43
frame0308.jpg,640,480,0,0,0,0,43
frame0309.jpg,640,480,0,0,0,0,43
frame0310.jpg,640,480,0,0,0,0,43
frame0311.jpg,640,480,0,0,0,0,43
frame0312.jpg,640,480,0,0,0,0,43
frame0313.jpg,640,480,0,0,0,0,43
frame0314.jpg,640,480,0,0,0,0,43
frame0315.jpg,640,480,0,0,0,0,43
frame0316.jpg,640,480,0,0,0,0,43
frame0317.jpg,640,480,0,0,0,0,43
frame0318.jpg,640,480,0,0,0,0,43
frame0319.jpg,640,480,0,0,0,0,43
frame0320.jpg,640,480,0,0,0,0,43
frame0321.jpg,640,480,0,0,0,0,43
frame0322.jpg,640,480,0,0,0,0,43
frame0323.jpg,640,480,0,0,0,0,43
frame0324.jpg,640,480,0,0,0,0,43
frame0325.jpg,640,480,0,0,0,0,43
frame0326.jpg,640,480,0,0,0,0,43
frame0327.jpg,640,480,0,0,0,0,43
frame0328.jpg,640,480,0,0,0,0,43
frame0329.jpg,640,480,0,0,0,0,43
frame0330.jpg,640,480,0,0,0,0,43
frame0331.jpg,640,480,0,0,0,0,43
frame0332.jpg,640,480,0,0,0,0,43
frame0333.jpg,640,480,0,0,0,0,43
frame0334.jpg,640,480,0,0,0,0,43
frame0335.jpg,640,480,0,0,0,0,43
frame0336.jpg,640,480,0,0,0,0,43
frame0337.jpg,640,480,0,0,0,0,43
frame0338.jpg,640,480,0,0,0,0,43
frame0339.jpg,640,480,0,0,0,0,43
frame0340.jpg,640,480,0,0,0,0,43
frame0341.jpg,640,480,0,0,0,0,43
frame0342.jpg,640,480,0,0,0,0,43
frame0343.jpg,640,480,0,0,0,0,43
frame0344.jpg,640,480,0,0,0,0,43
frame0345.jpg,640,480,0,0,0,0,43
frame0346.jpg,640,480,0,0,0,0,43
frame0347.jpg,640,480,0,0,0,0,43
frame0348.jpg,640,480,0,0,0,0,43
frame0349.jpg,640,480,0,0,0,0,43
frame0350.jpg,640,480,0,0,0,0,43
frame0351.jpg,640,480,0,0,0,0,43
frame0352.jpg,640,480,0,0,0,0,43
frame0353.jpg,640,480,0,0,0,0,43
frame0354.jpg,640,480,0,0,0,0,43
frame0355.jpg,640,480,0,0,0,0,43
frame0356.jpg,640,480,0,0,0,0,43
frame0357.jpg,640,480,0,0,0,0,43
frame0358.jpg,640,480,0,0,0,0,43
frame0359.jpg,640,480,0,0,0,0,43
frame0360.jpg,640,480,0,0,0,0,43
frame0361.jpg,640,480,0,0,0,0,43
frame0362.jpg,640,480,0,0,0,0,43
frame0363.jpg,640,480,0,0,0,0,43
frame0364.jpg,640,480,0,0,0,0,43
frame0365.jpg,640,480,0,0,0,0,43
frame0366.jpg,640,480,0,0,0,0,43
frame0367.jpg,640,480,0,0,0,0,43
frame0368.jpg,640,480,0,0,0,0,43
frame0369.jpg,640,480,0,0,0,0,43
frame0370.jpg,640,480,0,0,0,0,43
frame0371.jpg,640,480,0,0,0,0,43
frame0372.jpg,640,480,0,0,0,0,43
frame0373.jpg,640,480,0,0,0,0,43
frame0374.jpg,640,480,0,0,0,0,43
frame0375.jpg,640,480,0,0,0,0,43
frame0376.jpg,640,480,0,0,0,0,43
frame0377.jpg,640,480,0,0,0,0,43
frame0378.jpg,640,480,0,0,0,0,43
frame0379.jpg,640,480,0,0,0,0,43
frame0380.jpg,640,480,0,0,0,0,43
frame0381.jpg,640,480,0,0,0,0,43
frame0382.jpg,640,480,0,0,0,0,43
frame0383.jpg,640,480,0,0,0,0,43
frame0384.jpg,640,480,0,0,0,0,43
frame0385.jpg,640,480,0,0,0,0,43
frame0386.jpg,640,480,0,0,0,0,43
frame0387.jpg,640,480,0,0,0,0,43
frame0388.jpg,640,480,0,0,0,0,43
frame0389.jpg,640,480,0,0,0,0,43
frame0390.jpg,640,480,0,0,0,0,43
frame0391.jpg,640,480,0,0,0,0,43
frame0392.jpg,640,480,0,0,0,0,43
frame0393.jpg,640,480,0,0,0,0,43
frame0394.jpg,640,480,0,0,0,0,43
frame0395.jpg,640,480,0,0,0,0,43
frame0396.jpg,640,480,0,0,0,0,43
frame0397.jpg,640,480,0,0,0,0,43
frame0398.jpg,640,480,0,0,0,0,43
frame0399.jpg,640,480,0,0,0,0,43
frame0400.jpg,640,480,0,0,0,0,43
frame0401.jpg,640,480,0,0,0,0,43
frame0402.jpg,640,480,0,0,0,0,43
frame0403.jpg,640,480,0,0,0,0,43
frame0404.jpg,640,480,6,158,53,203,1
frame0405.jpg,640,480,1,155,52,202,1
frame0406.jpg,640,480,1,153,41,206,1
frame0407.jpg,640,480,0,0,0,0,43
frame0408.jpg,640,480,0,0,0,0,43
frame0409.jpg,640,480,225,161,265,202,2
frame0410.jpg,640,480,224,160,266,200,2
frame0411.jpg,640,480,221,158,267,202,2
frame0412.jpg,640,480,218,156,267,204,2
frame0413.jpg,640,480,225,157,275,204,2
frame0414.jpg,640,480,0,0,0,0,43
frame0415.jpg,640,480,0,0,0,0,43
frame0416.jpg,640,480,0,0,0,0,43
frame0417.jpg,640,480,0,0,0,0,43
frame0418.jpg,640,480,0,0,0,0,43
frame0419.jpg,640,480,1,138,46,202,1
frame0420.jpg,640,480,1,138,52,203,1
frame0421.jpg,640,480,1,136,43,200,1
frame0421.jpg,640,480,376,135,452,203,2
frame0422.jpg,640,480,386,130,455,199,2
frame0423.jpg,640,480,394,123,466,200,2
frame0424.jpg,640,480,396,117,474,200,2
frame0425.jpg,640,480,409,108,496,196,2
frame0426.jpg,640,480,420,95,537,199,2
frame0427.jpg,640,480,0,0,0,0,43
frame0428.jpg,640,480,0,0,0,0,43
frame0429.jpg,640,480,0,0,0,0,43
frame0430.jpg,640,480,0,0,0,0,43
frame0431.jpg,640,480,0,0,0,0,43
frame0432.jpg,640,480,0,0,0,0,43
frame0433.jpg,640,480,0,0,0,0,43
frame0434.jpg,640,480,0,0,0,0,43
frame0435.jpg,640,480,0,0,0,0,43
frame0436.jpg,640,480,0,0,0,0,43
frame0437.jpg,640,480,0,0,0,0,43
frame0438.jpg,640,480,0,0,0,0,43
frame0439.jpg,640,480,0,0,0,0,43
frame0440.jpg,640,480,0,0,0,0,43
frame0441.jpg,640,480,0,0,0,0,43
frame0442.jpg,640,480,0,0,0,0,43
frame0443.jpg,640,480,0,0,0,0,43
frame0444.jpg,640,480,0,0,0,0,43
frame0445.jpg,640,480,0,0,0,0,43
frame0446.jpg,640,480,0,0,0,0,43
frame0447.jpg,640,480,0,0,0,0,43
frame0448.jpg,640,480,0,0,0,0,43
frame0449.jpg,640,480,0,0,0,0,43
frame0450.jpg,640,480,0,0,0,0,43
frame0451.jpg,640,480,0,0,0,0,43
frame0452.jpg,640,480,0,0,0,0,43
frame0453.jpg,640,480,0,0,0,0,43
frame0454.jpg,640,480,0,0,0,0,43
frame0455.jpg,640,480,0,0,0,0,43
frame0456.jpg,640,480,0,0,0,0,43
frame0457.jpg,640,480,0,0,0,0,43
frame0458.jpg,640,480,0,0,0,0,43
frame0459.jpg,640,480,0,0,0,0,43
frame0460.jpg,640,480,0,0,0,0,43
frame0461.jpg,640,480,0,0,0,0,43
frame0462.jpg,640,480,0,0,0,0,43
frame0463.jpg,640,480,0,0,0,0,43
frame0464.jpg,640,480,0,0,0,0,43
frame0465.jpg,640,480,0,0,0,0,43
frame0466.jpg,640,480,0,0,0,0,43
frame0467.jpg,640,480,0,0,0,0,43
frame0468.jpg,640,480,0,0,0,0,43
frame0469.jpg,640,480,0,0,0,0,43
frame0470.jpg,640,480,0,0,0,0,43
frame0471.jpg,640,480,0,0,0,0,43
frame0472.jpg,640,480,0,0,0,0,43
frame0473.jpg,640,480,0,0,0,0,43
frame0474.jpg,640,480,0,0,0,0,43
frame0475.jpg,640,480,0,0,0,0,43
frame0476.jpg,640,480,0,0,0,0,43
frame0477.jpg,640,480,0,0,0,0,43
frame0478.jpg,640,480,0,0,0,0,43
frame0479.jpg,640,480,0,0,0,0,43
frame0480.jpg,640,480,0,0,0,0,43
frame0481.jpg,640,480,0,0,0,0,43
frame0482.jpg,640,480,0,0,0,0,43
frame0483.jpg,640,480,0,0,0,0,43
frame0484.jpg,640,480,0,0,0,0,43
frame0485.jpg,640,480,0,0,0,0,43
frame0486.jpg,640,480,0,0,0,0,43
frame0487.jpg,640,480,0,0,0,0,43
frame0488.jpg,640,480,0,0,0,0,43
frame0489.jpg,640,480,0,0,0,0,43
frame0490.jpg,640,480,0,0,0,0,43
frame0491.jpg,640,480,0,0,0,0,43
frame0492.jpg,640,480,0,0,0,0,43
frame0493.jpg,640,480,0,0,0,0,43
frame0494.jpg,640,480,0,0,0,0,43
frame0495.jpg,640,480,0,0,0,0,43
frame0496.jpg,640,480,0,0,0,0,43
frame0497.jpg,640,480,0,0,0,0,43
frame0498.jpg,640,480,0,0,0,0,43
frame0499.jpg,640,480,0,0,0,0,43
frame0500.jpg,640,480,0,0,0,0,43
frame0501.jpg,640,480,0,0,0,0,43
frame0502.jpg,640,480,0,0,0,0,43
frame0503.jpg,640,480,0,0,0,0,43
frame0504.jpg,640,480,0,0,0,0,43
frame0505.jpg,640,480,0,0,0,0,43
frame0506.jpg,640,480,0,0,0,0,43
frame0507.jpg,640,480,0,0,0,0,43
frame0508.jpg,640,480,0,0,0,0,43
frame0509.jpg,640,480,0,0,0,0,43
frame0510.jpg,640,480,0,0,0,0,43
frame0511.jpg,640,480,0,0,0,0,43
frame0512.jpg,640,480,0,0,0,0,43
frame0513.jpg,640,480,0,0,0,0,43
frame0514.jpg,640,480,0,0,0,0,43
frame0515.jpg,640,480,0,0,0,0,43
frame0516.jpg,640,480,0,0,0,0,43
frame0517.jpg,640,480,0,0,0,0,43
frame0518.jpg,640,480,0,0,0,0,43
frame0519.jpg,640,480,0,0,0,0,43
frame0520.jpg,640,480,0,0,0,0,43
frame0521.jpg,640,480,506,179,527,201,100
frame0522.jpg,640,480,0,0,0,0,43
frame0523.jpg,640,480,0,0,0,0,43
frame0524.jpg,640,480,0,0,0,0,43
frame0525.jpg,640,480,0,0,0,0,43
frame0526.jpg,640,480,0,0,0,0,43
frame0527.jpg,640,480,0,0,0,0,43
frame0528.jpg,640,480,0,0,0,0,43
frame0529.jpg,640,480,0,0,0,0,43
frame0530.jpg,640,480,0,0,0,0,43
frame0531.jpg,640,480,0,0,0,0,43
frame0532.jpg,640,480,0,0,0,0,43
frame0533.jpg,640,480,0,0,0,0,43
frame0534.jpg,640,480,156,165,190,207,100
frame0535.jpg,640,480,146,167,186,204,100
frame0536.jpg,640,480,0,0,0,0,43
frame0537.jpg,640,480,126,162,165,201,100
frame0538.jpg,640,480,0,0,0,0,43
frame0539.jpg,640,480,0,0,0,0,43
frame0540.jpg,640,480,87,155,139,200,100
frame0541.jpg,640,480,0,0,0,0,43
frame0542.jpg,640,480,0,0,0,0,43
frame0543.jpg,640,480,0,0,0,0,43
frame0544.jpg,640,480,0,0,0,0,43
frame0545.jpg,640,480,0,0,0,0,43
frame0546.jpg,640,480,0,0,0,0,43
frame0547.jpg,640,480,0,0,0,0,43
frame0548.jpg,640,480,0,0,0,0,43
frame0549.jpg,640,480,0,0,0,0,43
frame0550.jpg,640,480,0,0,0,0,43
frame0551.jpg,640,480,0,0,0,0,43
frame0552.jpg,640,480,0,0,0,0,43
frame0553.jpg,640,480,0,0,0,0,43
frame0554.jpg,640,480,0,0,0,0,43
frame0555.jpg,640,480,0,0,0,0,43
frame0556.jpg,640,480,0,0,0,0,43
frame0557.jpg,640,480,0,0,0,0,43
frame0558.jpg,640,480,0,0,0,0,43
frame0559.jpg,640,480,0,0,0,0,43
frame0560.jpg,640,480,0,0,0,0,43
frame0561.jpg,640,480,0,0,0,0,43
frame0562.jpg,640,480,0,0,0,0,43
frame0563.jpg,640,480,0,0,0,0,43
frame0564.jpg,640,480,0,0,0,0,43
frame0565.jpg,640,480,0,0,0,0,43
frame0566.jpg,640,480,0,0,0,0,43
frame0567.jpg,640,480,0,0,0,0,43
frame0568.jpg,640,480,0,0,0,0,43
frame0569.jpg,640,480,0,0,0,0,43
frame0570.jpg,640,480,0,0,0,0,43
frame0571.jpg,640,480,0,0,0,0,43
frame0572.jpg,640,480,0,0,0,0,43
frame0573.jpg,640,480,0,0,0,0,43
frame0574.jpg,640,480,0,0,0,0,43
frame0575.jpg,640,480,0,0,0,0,43
frame0576.jpg,640,480,0,0,0,0,43
frame0577.jpg,640,480,0,0,0,0,43
frame0578.jpg,640,480,0,0,0,0,43
frame0579.jpg,640,480,0,0,0,0,43
frame0580.jpg,640,480,0,0,0,0,43
frame0581.jpg,640,480,0,0,0,0,43
frame0582.jpg,640,480,0,0,0,0,43
frame0583.jpg,640,480,0,0,0,0,43
frame0584.jpg,640,480,0,0,0,0,43
frame0585.jpg,640,480,0,0,0,0,43
frame0586.jpg,640,480,0,0,0,0,43
frame0587.jpg,640,480,0,0,0,0,43
frame0588.jpg,640,480,0,0,0,0,43
frame0589.jpg,640,480,0,0,0,0,43
frame0590.jpg,640,480,0,0,0,0,43
frame0591.jpg,640,480,0,0,0,0,43
frame0592.jpg,640,480,0,0,0,0,43
frame0593.jpg,640,480,0,0,0,0,43
frame0594.jpg,640,480,0,0,0,0,43
frame0595.jpg,640,480,0,0,0,0,43
frame0596.jpg,640,480,0,0,0,0,43
frame0597.jpg,640,480,0,0,0,0,43
frame0598.jpg,640,480,0,0,0,0,43
frame0599.jpg,640,480,0,0,0,0,43
frame0600.jpg,640,480,0,0,0,0,43
frame0601.jpg,640,480,0,0,0,0,43
frame0602.jpg,640,480,0,0,0,0,43
frame0603.jpg,640,480,0,0,0,0,43
frame0604.jpg,640,480,0,0,0,0,43
frame0605.jpg,640,480,0,0,0,0,43
frame0606.jpg,640,480,0,0,0,0,43
frame0607.jpg,640,480,0,0,0,0,43
frame0608.jpg,640,480,0,0,0,0,43
frame0609.jpg,640,480,0,0,0,0,43
frame0610.jpg,640,480,0,0,0,0,43
frame0611.jpg,640,480,0,0,0,0,43
frame0612.jpg,640,480,0,0,0,0,43
frame0613.jpg,640,480,0,0,0,0,43
frame0614.jpg,640,480,0,0,0,0,43
frame0615.jpg,640,480,0,0,0,0,43
frame0616.jpg,640,480,0,0,0,0,43
frame0617.jpg,640,480,0,0,0,0,43
frame0618.jpg,640,480,0,0,0,0,43
frame0619.jpg,640,480,0,0,0,0,43
frame0620.jpg,640,480,0,0,0,0,43
frame0621.jpg,640,480,0,0,0,0,43
frame0622.jpg,640,480,0,0,0,0,43
frame0623.jpg,640,480,0,0,0,0,43
frame0624.jpg,640,480,0,0,0,0,43
frame0625.jpg,640,480,0,0,0,0,43
frame0626.jpg,640,480,0,0,0,0,43
frame0627.jpg,640,480,0,0,0,0,43
frame0628.jpg,640,480,0,0,0,0,43
frame0629.jpg,640,480,0,0,0,0,43
frame0630.jpg,640,480,0,0,0,0,43
frame0631.jpg,640,480,0,0,0,0,43
frame0632.jpg,640,480,0,0,0,0,43
frame0633.jpg,640,480,0,0,0,0,43
frame0634.jpg,640,480,0,0,0,0,43
frame0635.jpg,640,480,0,0,0,0,43
frame0636.jpg,640,480,0,0,0,0,43
frame0637.jpg,640,480,0,0,0,0,43
frame0638.jpg,640,480,0,0,0,0,43
frame0639.jpg,640,480,0,0,0,0,43
frame0640.jpg,640,480,0,0,0,0,43
frame0641.jpg,640,480,0,0,0,0,43
frame0642.jpg,640,480,0,0,0,0,43
frame0643.jpg,640,480,0,0,0,0,43
frame0644.jpg,640,480,0,0,0,0,43
frame0645.jpg,640,480,0,0,0,0,43
frame0646.jpg,640,480,0,0,0,0,43
frame0647.jpg,640,480,0,0,0,0,43
frame0648.jpg,640,480,0,0,0,0,43
frame0649.jpg,640,480,0,0,0,0,43
frame0650.jpg,640,480,0,0,0,0,43
frame0651.jpg,640,480,0,0,0,0,43
frame0652.jpg,640,480,0,0,0,0,43
frame0653.jpg,640,480,0,0,0,0,43
frame0654.jpg,640,480,0,0,0,0,43
frame0655.jpg,640,480,0,0,0,0,43
frame0656.jpg,640,480,0,0,0,0,43
frame0657.jpg,640,480,0,0,0,0,43
frame0658.jpg,640,480,0,0,0,0,43
frame0659.jpg,640,480,0,0,0,0,43
frame0660.jpg,640,480,0,0,0,0,43
frame0661.jpg,640,480,0,0,0,0,43
frame0662.jpg,640,480,0,0,0,0,43
frame0663.jpg,640,480,0,0,0,0,43
frame0664.jpg,640,480,0,0,0,0,43
frame0665.jpg,640,480,0,0,0,0,43
frame0666.jpg,640,480,0,0,0,0,43
frame0667.jpg,640,480,0,0,0,0,43
frame0668.jpg,640,480,0,0,0,0,43
frame0669.jpg,640,480,0,0,0,0,43
frame0670.jpg,640,480,0,0,0,0,43
frame0671.jpg,640,480,0,0,0,0,43
frame0672.jpg,640,480,0,0,0,0,43
frame0673.jpg,640,480,0,0,0,0,43
frame0674.jpg,640,480,0,0,0,0,43
frame0675.jpg,640,480,0,0,0,0,43
frame0676.jpg,640,480,0,0,0,0,43
frame0677.jpg,640,480,0,0,0,0,43
frame0678.jpg,640,480,0,0,0,0,43
frame0679.jpg,640,480,0,0,0,0,43
frame0680.jpg,640,480,0,0,0,0,43
frame0681.jpg,640,480,0,0,0,0,43
frame0682.jpg,640,480,0,0,0,0,43
frame0683.jpg,640,480,0,0,0,0,43
frame0684.jpg,640,480,0,0,0,0,43
frame0685.jpg,640,480,0,0,0,0,43
frame0686.jpg,640,480,0,0,0,0,43
frame0687.jpg,640,480,0,0,0,0,43
frame0688.jpg,640,480,0,0,0,0,43
frame0689.jpg,640,480,0,0,0,0,43
frame0690.jpg,640,480,0,0,0,0,43
frame0691.jpg,640,480,185,183,206,204,100
frame0692.jpg,640,480,0,0,0,0,43
frame0693.jpg,640,480,0,0,0,0,43
frame0694.jpg,640,480,182,186,203,202,100
frame0695.jpg,640,480,179,186,199,203,100
frame0696.jpg,640,480,0,0,0,0,43
frame0697.jpg,640,480,0,0,0,0,43
frame0698.jpg,640,480,177,186,194,205,100
frame0699.jpg,640,480,0,0,0,0,43
frame0700.jpg,640,480,0,0,0,0,43
frame0701.jpg,640,480,0,0,0,0,43
frame0702.jpg,640,480,222,183,248,206,100
frame0703.jpg,640,480,221,183,241,204,100
frame0704.jpg,640,480,0,0,0,0,43
frame0705.jpg,640,480,216,183,240,200,100
frame0706.jpg,640,480,213,182,235,200,100
frame0707.jpg,640,480,212,179,239,203,100
frame0708.jpg,640,480,0,0,0,0,43
frame0709.jpg,640,480,0,0,0,0,43
frame0710.jpg,640,480,237,177,263,197,100
frame0711.jpg,640,480,235,175,266,200,100
frame0712.jpg,640,480,232,174,263,200,100
frame0713.jpg,640,480,231,173,265,198,100
frame0714.jpg,640,480,0,0,0,0,43
frame0715.jpg,640,480,256,173,287,201,100
frame0716.jpg,640,480,257,171,291,199,100
frame0717.jpg,640,480,255,169,292,199,100
frame0718.jpg,640,480,256,170,294,200,100
frame0719.jpg,640,480,0,0,0,0,43
frame0720.jpg,640,480,277,166,312,201,100
frame0721.jpg,640,480,278,161,316,197,100
frame0722.jpg,640,480,277,159,318,197,100
frame0723.jpg,640,480,277,155,323,195,100
frame0724.jpg,640,480,0,0,0,0,43
frame0725.jpg,640,480,0,0,0,0,43
frame0726.jpg,640,480,0,0,0,0,43
frame0727.jpg,640,480,0,0,0,0,43
frame0728.jpg,640,480,0,0,0,0,43
frame0729.jpg,640,480,426,125,495,192,100
frame0730.jpg,640,480,442,118,513,185,100
frame0731.jpg,640,480,0,0,0,0,43
frame0732.jpg,640,480,471,95,565,184,100
frame0733.jpg,640,480,0,0,0,0,43
frame0734.jpg,640,480,0,0,0,0,43
frame0735.jpg,640,480,0,0,0,0,43
frame0736.jpg,640,480,0,0,0,0,43
frame0737.jpg,640,480,0,0,0,0,43
frame0738.jpg,640,480,0,0,0,0,43
frame0739.jpg,640,480,0,0,0,0,43
frame0740.jpg,640,480,0,0,0,0,43
frame0741.jpg,640,480,0,0,0,0,43
frame0742.jpg,640,480,0,0,0,0,43
frame0743.jpg,640,480,0,0,0,0,43
frame0744.jpg,640,480,243,177,266,204,33
frame0744.jpg,640,480,263,178,284,200,12
frame0745.jpg,640,480,245,178,270,205,33
frame0745.jpg,640,480,264,175,289,199,12
frame0746.jpg,640,480,244,177,266,203,33
frame0746.jpg,640,480,264,177,286,199,12
frame0747.jpg,640,480,243,178,266,202,33
frame0747.jpg,640,480,259,174,287,199,12
frame0748.jpg,640,480,246,176,268,202,33
frame0748.jpg,640,480,262,173,292,199,12
frame0749.jpg,640,480,248,175,271,202,33
frame0749.jpg,640,480,265,171,296,199,12
frame0750.jpg,640,480,251,173,273,202,33
frame0750.jpg,640,480,268,170,301,199,12
frame0751.jpg,640,480,257,172,282,202,33
frame0751.jpg,640,480,274,169,311,199,12
frame0752.jpg,640,480,262,170,290,202,33
frame0752.jpg,640,480,279,168,320,199,12
frame0753.jpg,640,480,268,169,299,202,33
frame0753.jpg,640,480,286,167,325,198,12
frame0754.jpg,640,480,274,168,306,201,33
frame0754.jpg,640,480,292,165,329,196,12
frame0755.jpg,640,480,280,167,312,199,33
frame0755.jpg,640,480,296,162,339,197,12
frame0756.jpg,640,480,282,165,316,201,33
frame0756.jpg,640,480,300,159,348,197,12
frame0757.jpg,640,480,283,163,319,202,33
frame0757.jpg,640,480,305,157,352,197,12
frame0758.jpg,640,480,288,161,326,202,33
frame0758.jpg,640,480,310,154,355,197,12
frame0759.jpg,640,480,292,159,333,202,33
frame0759.jpg,640,480,316,152,368,200,12
frame0760.jpg,640,480,302,155,345,201,33
frame0760.jpg,640,480,322,149,381,202,12
frame0761.jpg,640,480,311,151,357,200,33
frame0761.jpg,640,480,339,144,400,201,12
frame0762.jpg,640,480,331,146,380,200,33
frame0762.jpg,640,480,355,139,418,199,12
frame0763.jpg,640,480,351,141,403,199,33
frame0763.jpg,640,480,381,131,449,196,12
frame0764.jpg,640,480,371,136,426,199,33
frame0764.jpg,640,480,406,122,479,193,12
frame0765.jpg,640,480,386,137,443,196,33
frame0765.jpg,640,480,424,119,499,187,12
frame0766.jpg,640,480,401,137,460,193,33
frame0766.jpg,640,480,442,116,518,180,12
frame0767.jpg,640,480,434,131,498,194,33
frame0768.jpg,640,480,468,124,536,196,33
frame0769.jpg,640,480,501,118,574,197,33
frame0770.jpg,640,480,522,110,603,193,33
frame0771.jpg,640,480,541,97,628,188,33
frame0772.jpg,640,480,558,89,656,185,33
frame0773.jpg,640,480,0,0,0,0,43
frame0774.jpg,640,480,505,138,542,188,12
frame0775.jpg,640,480,517,135,554,191,12
frame0776.jpg,640,480,518,127,568,193,12
frame0777.jpg,640,480,535,124,581,189,12
frame0778.jpg,640,480,554,112,613,187,12
frame0779.jpg,640,480,563,106,623,184,12
frame0780.jpg,640,480,571,100,633,180,12
frame0781.jpg,640,480,568,85,649,174,12
frame0782.jpg,640,480,0,0,0,0,43
frame0783.jpg,640,480,295,207,309,220,38
frame0784.jpg,640,480,294,205,308,222,38
frame0785.jpg,640,480,292,207,312,222,38
frame0786.jpg,640,480,292,204,310,225,38
frame0787.jpg,640,480,292,204,311,225,38
frame0788.jpg,640,480,292,203,312,225,38
frame0789.jpg,640,480,292,203,312,225,38
frame0790.jpg,640,480,292,202,313,225,38
frame0791.jpg,640,480,291,202,314,226,38
frame0792.jpg,640,480,291,201,315,226,38
frame0793.jpg,640,480,291,201,315,226,38
frame0794.jpg,640,480,291,200,316,226,38
frame0795.jpg,640,480,291,200,317,226,38
frame0796.jpg,640,480,293,200,317,225,38
frame0797.jpg,640,480,292,204,315,224,38
frame0798.jpg,640,480,293,205,314,225,38
frame0799.jpg,640,480,293,205,313,225,38
frame0800.jpg,640,480,292,205,313,225,38
frame0801.jpg,640,480,292,206,314,226,38
frame0802.jpg,640,480,291,206,314,226,38
frame0803.jpg,640,480,290,205,315,228,38
frame0804.jpg,640,480,289,205,315,231,38
frame0805.jpg,640,480,288,204,316,233,38
frame0806.jpg,640,480,287,203,316,235,38
frame0807.jpg,640,480,288,203,316,235,38
frame0808.jpg,640,480,288,203,317,234,38
frame0809.jpg,640,480,289,203,317,234,38
frame0810.jpg,640,480,287,203,317,235,38
frame0811.jpg,640,480,286,203,318,236,38
frame0812.jpg,640,480,284,203,318,237,38
frame0813.jpg,640,480,283,202,319,238,38
frame0814.jpg,640,480,281,201,319,239,38
frame0815.jpg,640,480,280,200,320,240,38
frame0816.jpg,640,480,280,201,321,244,38
frame0817.jpg,640,480,281,203,321,247,38
frame0818.jpg,640,480,281,204,322,251,38
frame0819.jpg,640,480,427,174,452,201,100
frame0819.jpg,640,480,277,203,321,252,38
frame0820.jpg,640,480,431,173,457,200,100
frame0820.jpg,640,480,274,203,321,254,38
frame0821.jpg,640,480,435,173,463,200,100
frame0821.jpg,640,480,270,203,320,255,38
frame0822.jpg,640,480,439,172,468,199,100
frame0822.jpg,640,480,266,202,320,257,38
frame0823.jpg,640,480,444,172,476,199,100
frame0823.jpg,640,480,262,200,320,258,38
frame0824.jpg,640,480,448,172,484,199,100
frame0824.jpg,640,480,262,203,318,260,38
frame0825.jpg,640,480,451,169,488,200,100
frame0825.jpg,640,480,261,206,315,261,38
frame0826.jpg,640,480,453,165,491,201,100
frame0826.jpg,640,480,255,208,314,266,38
frame0827.jpg,640,480,452,165,492,200,100
frame0827.jpg,640,480,249,209,313,271,38
frame0828.jpg,640,480,451,164,494,200,100
frame0828.jpg,640,480,244,211,302,277,38
frame0829.jpg,640,480,450,164,495,199,100
frame0829.jpg,640,480,216,212,290,281,38
frame0830.jpg,640,480,188,212,278,285,38
frame0831.jpg,640,480,0,0,0,0,43
frame0832.jpg,640,480,0,0,0,0,43
frame0833.jpg,640,480,0,0,0,0,43
frame0834.jpg,640,480,0,0,0,0,43
frame0835.jpg,640,480,382,156,420,201,100
frame0836.jpg,640,480,386,154,424,195,100
frame0837.jpg,640,480,390,150,430,194,100
frame0838.jpg,640,480,386,149,436,195,100
frame0839.jpg,640,480,395,145,442,196,100
frame0840.jpg,640,480,397,138,450,196,100
frame0841.jpg,640,480,0,0,0,0,43
frame0842.jpg,640,480,409,126,474,194,100
frame0843.jpg,640,480,0,0,0,0,43
frame0844.jpg,640,480,0,0,0,0,43
frame0845.jpg,640,480,0,0,0,0,43
frame0846.jpg,640,480,0,0,0,0,43
frame0847.jpg,640,480,0,0,0,0,43
frame0848.jpg,640,480,0,0,0,0,43
frame0849.jpg,640,480,0,0,0,0,43
frame0850.jpg,640,480,0,0,0,0,43
frame0851.jpg,640,480,0,0,0,0,43
frame0852.jpg,640,480,0,0,0,0,43
frame0853.jpg,640,480,0,0,0,0,43
frame0854.jpg,640,480,0,0,0,0,43
frame0855.jpg,640,480,0,0,0,0,43
frame0856.jpg,640,480,0,0,0,0,43
frame0857.jpg,640,480,0,0,0,0,43
frame0858.jpg,640,480,0,0,0,0,43
frame0859.jpg,640,480,0,0,0,0,43
frame0860.jpg,640,480,0,0,0,0,43
frame0861.jpg,640,480,0,0,0,0,43
frame0862.jpg,640,480,0,0,0,0,43
frame0863.jpg,640,480,0,0,0,0,43
frame0864.jpg,640,480,0,0,0,0,43
frame0865.jpg,640,480,0,0,0,0,43
frame0866.jpg,640,480,0,0,0,0,43
frame0867.jpg,640,480,344,167,377,207,1
frame0868.jpg,640,480,343,164,380,204,1
frame0869.jpg,640,480,342,167,380,207,1
frame0870.jpg,640,480,345,165,385,206,1
frame0871.jpg,640,480,348,164,391,205,1
frame0872.jpg,640,480,351,162,396,204,1
frame0873.jpg,640,480,353,160,398,204,1
frame0874.jpg,640,480,355,159,401,204,1
frame0875.jpg,640,480,357,157,403,204,1
frame0876.jpg,640,480,359,155,406,203,1
frame0877.jpg,640,480,362,152,408,202,1
frame0878.jpg,640,480,364,150,411,201,1
frame0879.jpg,640,480,366,149,417,203,1
frame0880.jpg,640,480,368,148,423,205,1
frame0881.jpg,640,480,373,144,428,202,1
frame0882.jpg,640,480,377,139,432,199,1
frame0883.jpg,640,480,381,133,439,197,1
frame0884.jpg,640,480,384,127,445,195,1
frame0885.jpg,640,480,388,122,453,196,1
frame0886.jpg,640,480,392,117,461,197,1
frame0887.jpg,640,480,403,114,476,197,1
frame0888.jpg,640,480,413,110,490,197,1
frame0889.jpg,640,480,425,96,516,194,1
frame0890.jpg,640,480,437,81,542,190,1
frame0891.jpg,640,480,0,0,0,0,43
frame0892.jpg,640,480,0,0,0,0,43
frame0893.jpg,640,480,0,0,0,0,43
frame0894.jpg,640,480,0,0,0,0,43
frame0895.jpg,640,480,0,0,0,0,43
frame0896.jpg,640,480,0,0,0,0,43
frame0897.jpg,640,480,0,0,0,0,43
frame0898.jpg,640,480,0,0,0,0,43
frame0899.jpg,640,480,0,0,0,0,43
frame0900.jpg,640,480,0,0,0,0,43
frame0901.jpg,640,480,0,0,0,0,43
frame0902.jpg,640,480,0,0,0,0,43
frame0903.jpg,640,480,0,0,0,0,43
frame0904.jpg,640,480,0,0,0,0,43
frame0905.jpg,640,480,0,0,0,0,43
frame0906.jpg,640,480,0,0,0,0,43
frame0907.jpg,640,480,0,0,0,0,43
frame0908.jpg,640,480,0,0,0,0,43
frame0909.jpg,640,480,0,0,0,0,43
frame0910.jpg,640,480,0,0,0,0,43
frame0911.jpg,640,480,0,0,0,0,43
frame0912.jpg,640,480,0,0,0,0,43
frame0913.jpg,640,480,328,166,354,192,100
frame0914.jpg,640,480,329,169,354,196,100
frame0915.jpg,640,480,330,169,358,199,100
frame0916.jpg,640,480,329,168,360,199,100
frame0917.jpg,640,480,333,167,363,199,100
frame0918.jpg,640,480,333,165,371,199,100
frame0919.jpg,640,480,337,161,379,201,100
frame0920.jpg,640,480,347,161,394,197,100
frame0921.jpg,640,480,363,157,410,197,100
frame0922.jpg,640,480,0,0,0,0,43
frame0923.jpg,640,480,384,152,432,198,100
frame0924.jpg,640,480,399,146,436,197,100
frame0925.jpg,640,480,400,144,449,193,100
frame0926.jpg,640,480,411,141,457,193,100
frame0927.jpg,640,480,416,134,463,192,100
frame0928.jpg,640,480,427,125,482,188,100
frame0929.jpg,640,480,435,121,499,186,100
frame0930.jpg,640,480,450,117,517,191,100
frame0931.jpg,640,480,462,99,532,188,100
frame0932.jpg,640,480,0,0,0,0,43
frame0933.jpg,640,480,0,0,0,0,43
frame0934.jpg,640,480,0,0,0,0,43
frame0935.jpg,640,480,0,0,0,0,43
frame0936.jpg,640,480,0,0,0,0,43
frame0937.jpg,640,480,0,0,0,0,43
frame0938.jpg,640,480,0,0,0,0,43
frame0939.jpg,640,480,0,0,0,0,43
frame0940.jpg,640,480,0,0,0,0,43
frame0941.jpg,640,480,0,0,0,0,43
frame0942.jpg,640,480,0,0,0,0,43
frame0943.jpg,640,480,0,0,0,0,43
frame0944.jpg,640,480,0,0,0,0,43
frame0945.jpg,640,480,0,0,0,0,43
frame0946.jpg,640,480,0,0,0,0,43
frame0947.jpg,640,480,0,0,0,0,43
frame0948.jpg,640,480,0,0,0,0,43
frame0949.jpg,640,480,0,0,0,0,43
frame0950.jpg,640,480,0,0,0,0,43
frame0951.jpg,640,480,0,0,0,0,43
frame0952.jpg,640,480,0,0,0,0,43
frame0953.jpg,640,480,0,0,0,0,43
frame0954.jpg,640,480,0,0,0,0,43
frame0955.jpg,640,480,0,0,0,0,43
frame0956.jpg,640,480,433,166,462,205,102
frame0957.jpg,640,480,439,164,471,203,102
frame0958.jpg,640,480,444,165,470,203,102
frame0959.jpg,640,480,446,162,475,200,102
frame0960.jpg,640,480,443,164,472,200,102
frame0961.jpg,640,480,435,159,468,202,102
frame0962.jpg,640,480,427,160,463,206,102
frame0963.jpg,640,480,425,156,462,206,102
frame0964.jpg,640,480,426,157,466,205,102
frame0965.jpg,640,480,432,154,466,202,102
frame0966.jpg,640,480,427,153,465,203,102
frame0967.jpg,640,480,0,0,0,0,43
frame0968.jpg,640,480,0,0,0,0,43
frame0969.jpg,640,480,387,147,423,206,102
frame0970.jpg,640,480,383,146,421,201,102
frame0971.jpg,640,480,387,144,422,201,102
frame0972.jpg,640,480,386,141,427,196,102
frame0973.jpg,640,480,388,136,429,196,102
frame0974.jpg,640,480,396,127,435,199,102
frame0975.jpg,640,480,398,121,444,197,102
frame0976.jpg,640,480,0,0,0,0,43
frame0977.jpg,640,480,0,0,0,0,43
frame0978.jpg,640,480,0,0,0,0,43
frame0979.jpg,640,480,0,0,0,0,43
frame0980.jpg,640,480,0,0,0,0,43
frame0981.jpg,640,480,0,0,0,0,43
frame0982.jpg,640,480,0,0,0,0,43
frame0983.jpg,640,480,0,0,0,0,43
frame0984.jpg,640,480,0,0,0,0,43
frame0985.jpg,640,480,0,0,0,0,43
frame0986.jpg,640,480,0,0,0,0,43
frame0987.jpg,640,480,0,0,0,0,43
frame0988.jpg,640,480,0,0,0,0,43
frame0989.jpg,640,480,0,0,0,0,43
frame0990.jpg,640,480,0,0,0,0,43
frame0991.jpg,640,480,0,0,0,0,43
frame0992.jpg,640,480,0,0,0,0,43
frame0993.jpg,640,480,0,0,0,0,43
frame0994.jpg,640,480,0,0,0,0,43
frame0995.jpg,640,480,0,0,0,0,43
frame0996.jpg,640,480,0,0,0,0,43
frame0997.jpg,640,480,0,0,0,0,43
frame0998.jpg,640,480,0,0,0,0,43
frame0999.jpg,640,480,0,0,0,0,43
frame1000.jpg,640,480,0,0,0,0,43
frame1001.jpg,640,480,0,0,0,0,43
frame1002.jpg,640,480,0,0,0,0,43
frame1003.jpg,640,480,0,0,0,0,43
frame1004.jpg,640,480,0,0,0,0,43
frame1005.jpg,640,480,0,0,0,0,43
frame1006.jpg,640,480,0,0,0,0,43
frame1007.jpg,640,480,0,0,0,0,43
frame1008.jpg,640,480,0,0,0,0,43
frame1009.jpg,640,480,0,0,0,0,43
frame1010.jpg,640,480,0,0,0,0,43
frame1011.jpg,640,480,0,0,0,0,43
frame1012.jpg,640,480,0,0,0,0,43
frame1013.jpg,640,480,0,0,0,0,43
frame1014.jpg,640,480,0,0,0,0,43
frame1015.jpg,640,480,0,0,0,0,43
frame1016.jpg,640,480,0,0,0,0,43
frame1017.jpg,640,480,0,0,0,0,43
frame1018.jpg,640,480,0,0,0,0,43
frame1019.jpg,640,480,0,0,0,0,43
frame1020.jpg,640,480,0,0,0,0,43
frame1021.jpg,640,480,0,0,0,0,43
frame1022.jpg,640,480,0,0,0,0,43
frame1023.jpg,640,480,0,0,0,0,43
frame1024.jpg,640,480,0,0,0,0,43
frame1025.jpg,640,480,0,0,0,0,43
frame1026.jpg,640,480,0,0,0,0,43
frame1027.jpg,640,480,0,0,0,0,43
frame1028.jpg,640,480,0,0,0,0,43
frame1029.jpg,640,480,0,0,0,0,43
frame1030.jpg,640,480,0,0,0,0,43
frame1031.jpg,640,480,0,0,0,0,43
frame1032.jpg,640,480,0,0,0,0,43
frame1033.jpg,640,480,0,0,0,0,43
frame1034.jpg,640,480,0,0,0,0,43
frame1035.jpg,640,480,0,0,0,0,43
frame1036.jpg,640,480,0,0,0,0,43
frame1037.jpg,640,480,0,0,0,0,43
frame1038.jpg,640,480,0,0,0,0,43
frame1039.jpg,640,480,0,0,0,0,43
frame1040.jpg,640,480,0,0,0,0,43
frame1041.jpg,640,480,0,0,0,0,43
frame1042.jpg,640,480,0,0,0,0,43
frame1043.jpg,640,480,0,0,0,0,43
frame1044.jpg,640,480,0,0,0,0,43
frame1045.jpg,640,480,0,0,0,0,43
frame1046.jpg,640,480,0,0,0,0,43
frame1047.jpg,640,480,0,0,0,0,43
frame1048.jpg,640,480,0,0,0,0,43
frame1049.jpg,640,480,0,0,0,0,43
frame1050.jpg,640,480,0,0,0,0,43
frame1051.jpg,640,480,0,0,0,0,43
frame1052.jpg,640,480,0,0,0,0,43
frame1053.jpg,640,480,0,0,0,0,43
frame1054.jpg,640,480,0,0,0,0,43
frame1055.jpg,640,480,0,0,0,0,43
frame1056.jpg,640,480,0,0,0,0,43
frame1057.jpg,640,480,0,0,0,0,43
frame1058.jpg,640,480,0,0,0,0,43
frame1059.jpg,640,480,0,0,0,0,43
frame1060.jpg,640,480,0,0,0,0,43
frame1061.jpg,640,480,0,0,0,0,43
frame1062.jpg,640,480,0,0,0,0,43
frame1063.jpg,640,480,0,0,0,0,43
frame1064.jpg,640,480,0,0,0,0,43
frame1065.jpg,640,480,0,0,0,0,43
frame1066.jpg,640,480,0,0,0,0,43
frame1067.jpg,640,480,0,0,0,0,43
frame1068.jpg,640,480,0,0,0,0,43
frame1069.jpg,640,480,0,0,0,0,43
frame1070.jpg,640,480,0,0,0,0,43
frame1071.jpg,640,480,0,0,0,0,43
frame1072.jpg,640,480,0,0,0,0,43
frame1073.jpg,640,480,0,0,0,0,43
frame1074.jpg,640,480,0,0,0,0,43
frame1075.jpg,640,480,0,0,0,0,43
frame1076.jpg,640,480,0,0,0,0,43
frame1077.jpg,640,480,0,0,0,0,43
frame1078.jpg,640,480,0,0,0,0,43
frame1079.jpg,640,480,0,0,0,0,43
frame1080.jpg,640,480,1,91,1,181,13
frame1081.jpg,640,480,0,0,0,0,43
frame1082.jpg,640,480,0,0,0,0,43
frame1083.jpg,640,480,0,0,0,0,43
frame1084.jpg,640,480,0,0,0,0,43
frame1085.jpg,640,480,0,0,0,0,43
frame1086.jpg,640,480,0,0,0,0,43
frame1087.jpg,640,480,0,0,0,0,43
frame1088.jpg,640,480,0,0,0,0,43
frame1089.jpg,640,480,0,0,0,0,43
frame1090.jpg,640,480,0,0,0,0,43
frame1091.jpg,640,480,0,0,0,0,43
frame1092.jpg,640,480,0,0,0,0,43
frame1093.jpg,640,480,221,186,241,202,13
frame1094.jpg,640,480,222,185,243,201,13
frame1095.jpg,640,480,222,184,241,203,13
frame1096.jpg,640,480,219,185,243,204,13
frame1097.jpg,640,480,216,185,244,206,13
frame1098.jpg,640,480,214,186,243,206,13
frame1099.jpg,640,480,213,185,235,203,13
frame1100.jpg,640,480,209,185,233,205,13
frame1101.jpg,640,480,209,185,232,205,13
frame1102.jpg,640,480,211,184,237,206,13
frame1103.jpg,640,480,222,185,250,205,13
frame1104.jpg,640,480,0,0,0,0,43
frame1105.jpg,640,480,0,0,0,0,43
frame1106.jpg,640,480,0,0,0,0,43
frame1107.jpg,640,480,0,0,0,0,43
frame1108.jpg,640,480,0,0,0,0,43
frame1109.jpg,640,480,309,175,340,201,13
frame1110.jpg,640,480,312,174,345,200,13
frame1110.jpg,640,480,254,192,268,206,14
frame1111.jpg,640,480,312,171,346,204,13
frame1112.jpg,640,480,312,171,351,206,13
frame1112.jpg,640,480,254,191,270,208,14
frame1113.jpg,640,480,315,171,351,204,13
frame1114.jpg,640,480,314,170,357,204,13
frame1114.jpg,640,480,255,193,272,207,14
frame1115.jpg,640,480,316,170,352,200,13
frame1116.jpg,640,480,0,0,0,0,43
frame1117.jpg,640,480,0,0,0,0,43
frame1118.jpg,640,480,0,0,0,0,43
frame1119.jpg,640,480,0,0,0,0,43
frame1120.jpg,640,480,0,0,0,0,43
frame1121.jpg,640,480,0,0,0,0,43
frame1122.jpg,640,480,499,145,549,196,13
frame1122.jpg,640,480,400,187,418,205,14
frame1123.jpg,640,480,519,142,568,192,13
frame1123.jpg,640,480,401,189,418,203,14
frame1123.jpg,640,480,439,182,455,200,12
frame1124.jpg,640,480,533,135,595,196,13
frame1124.jpg,640,480,405,188,427,205,14
frame1125.jpg,640,480,550,127,612,188,13
frame1125.jpg,640,480,410,190,424,202,14
frame1125.jpg,640,480,447,180,464,198,12
frame1126.jpg,640,480,559,125,624,188,13
frame1127.jpg,640,480,559,120,629,191,13
frame1128.jpg,640,480,569,110,637,186,13
frame1128.jpg,640,480,375,189,396,206,14
frame1128.jpg,640,480,418,181,437,201,12
frame1129.jpg,640,480,582,103,663,185,13
frame1129.jpg,640,480,375,186,391,203,14
frame1129.jpg,640,480,418,179,435,199,12
frame1130.jpg,640,480,374,185,393,204,14
frame1130.jpg,640,480,419,179,439,197,12
frame1131.jpg,640,480,373,185,392,202,14
frame1131.jpg,640,480,421,178,440,198,12
frame1132.jpg,640,480,374,183,394,201,14
frame1132.jpg,640,480,423,175,445,197,12
frame1133.jpg,640,480,0,0,0,0,43
frame1134.jpg,640,480,441,173,465,200,12
frame1135.jpg,640,480,448,171,477,197,12
frame1136.jpg,640,480,397,183,419,201,14
frame1136.jpg,640,480,456,173,482,197,12
frame1137.jpg,640,480,400,181,422,201,14
frame1137.jpg,640,480,461,172,487,195,12
frame1138.jpg,640,480,400,180,428,201,14
frame1138.jpg,640,480,473,173,496,196,12
frame1139.jpg,640,480,405,180,428,203,14
frame1139.jpg,640,480,481,171,503,195,12
frame1140.jpg,640,480,405,179,431,203,14
frame1140.jpg,640,480,481,165,509,195,12
frame1141.jpg,640,480,0,0,0,0,43
frame1142.jpg,640,480,0,0,0,0,43
frame1143.jpg,640,480,0,0,0,0,43
frame1144.jpg,640,480,446,161,476,191,12
frame1145.jpg,640,480,349,175,375,201,14
frame1145.jpg,640,480,443,160,476,193,12
frame1146.jpg,640,480,344,170,377,200,14
frame1146.jpg,640,480,448,155,481,190,12
frame1147.jpg,640,480,346,172,376,199,14
frame1147.jpg,640,480,451,151,489,192,12
frame1148.jpg,640,480,345,172,378,201,14
frame1148.jpg,640,480,457,147,496,191,12
frame1149.jpg,640,480,345,171,379,204,14
frame1149.jpg,640,480,468,146,505,188,12
frame1150.jpg,640,480,348,171,378,205,14
frame1151.jpg,640,480,349,173,380,204,14
frame1151.jpg,640,480,484,137,534,190,12
frame1152.jpg,640,480,348,169,385,200,14
frame1153.jpg,640,480,356,165,384,203,14
frame1154.jpg,640,480,0,0,0,0,43
frame1155.jpg,640,480,0,0,0,0,43
frame1156.jpg,640,480,376,158,418,198,14
frame1157.jpg,640,480,383,158,422,198,14
frame1158.jpg,640,480,388,155,429,196,14
frame1159.jpg,640,480,0,0,0,0,43
frame1160.jpg,640,480,0,0,0,0,43
frame1161.jpg,640,480,0,0,0,0,43
frame1162.jpg,640,480,0,0,0,0,43
frame1163.jpg,640,480,493,133,561,192,14
frame1164.jpg,640,480,396,182,419,207,113
frame1165.jpg,640,480,399,178,426,204,113
frame1166.jpg,640,480,403,181,430,205,113
frame1167.jpg,640,480,405,180,430,204,113
frame1168.jpg,640,480,405,179,433,204,113
frame1169.jpg,640,480,402,179,426,205,113
frame1170.jpg,640,480,397,179,422,204,113
frame1171.jpg,640,480,396,178,420,204,113
frame1172.jpg,640,480,398,179,421,204,113
frame1173.jpg,640,480,397,179,424,204,113
frame1174.jpg,640,480,399,177,424,207,113
frame1175.jpg,640,480,400,175,429,205,113
frame1176.jpg,640,480,403,176,431,208,113
frame1177.jpg,640,480,405,178,432,203,113
frame1178.jpg,640,480,405,170,434,201,113
frame1179.jpg,640,480,409,171,439,201,113
frame1180.jpg,640,480,405,170,435,201,113
frame1181.jpg,640,480,0,0,0,0,43
frame1182.jpg,640,480,0,0,0,0,43
